<?xml version="1.0" standalone="yes"?>
<rss xmlns:sparkle="http://www.andymatuschak.org/xml-namespaces/sparkle" version="2.0">
    <channel>
        <title>OneClip</title>
        <item>
            <title>1.2.6</title>
            <pubDate>Fri, 26 Sep 2025 22:28:57 +0800</pubDate>
            <sparkle:version>1.2.6</sparkle:version>
            <sparkle:shortVersionString>1.2.6</sparkle:shortVersionString>
            <sparkle:minimumSystemVersion>12.0</sparkle:minimumSystemVersion>
            <enclosure url="https://github.com/Wcowin/OneClip/releases/download/1.2.6/OneClip-1.2.6.zip" length="5308231" type="application/octet-stream" sparkle:edSignature="p1N2d/y1ok0sV1nJxzfWQ/VNDlKR8+hIV16FPl39Do1nhbhh9tGmOINc5b9ehj20jdZKXVlZNVoieZKCYlEZBA=="/>
        <sparkle:releaseNotesLink>https://wcowin.work/OneClip/updates/notes/OneClip-1.2.6-zh.html</sparkle:releaseNotesLink>
</item>
    </channel>
</rss>
